<FTMSManager id="1">
  <equipment id="2"/>
  <menu id="3">
    <menuItems id="4">
      <MenuItem id="5">
        <name>Burger</name>
        <popularity>18</popularity>
        <price>5.99</price>
        <ingredients id="6">
          <Supply id="7">
            <name>Meat</name>
            <quantity>1</quantity>
          </Supply>
        </ingredients>
      </MenuItem>
      <MenuItem id="8">
        <name>Sandwich</name>
        <popularity>17</popularity>
        <price>2.49</price>
        <ingredients id="9"/>
      </MenuItem>
      <MenuItem id="10">
        <name>Poutine</name>
        <popularity>33</popularity>
        <price>4.99</price>
        <ingredients id="11"/>
      </MenuItem>
      <MenuItem id="12">
        <name>Pizza</name>
        <popularity>7</popularity>
        <price>3.99</price>
        <ingredients id="13"/>
      </MenuItem>
    </menuItems>
  </menu>
  <staff id="14"/>
  <supplies id="15">
    <Supply id="16">
      <name>Meat</name>
      <quantity>95</quantity>
    </Supply>
  </supplies>
</FTMSManager>